item_id,label
0bc395d8e4ea675e,accept
0da0e4c28defc0cf,accept
14da590182ff0257,accept
18daf70c05eb1921,accept
1a302634cb235f3b,accept
2570a345ad6b5e7e,accept
2650d0d3e5fb1978,reject
2747e6cf4b24e845,accept
3aca7a50febd8807,accept
3cafc3717ec0ec1c,accept
3e77f12e15a52b77,accept
4241e3019db40ff0,accept
46a890c80b77a8d9,accept
4e8def70190e52f0,accept
4eddc40453fe7562,accept
5836b3a86ed73093,reject
6dc3e9b3e7946010,reject
6fb23ff1886e043e,accept
88fa9cac2192aa56,accept
903c0eb175443685,accept
976f46ef975c17a5,accept
9c71ffbf62a2be37,accept
a436c6c6c1f05180,accept
a632afb349878d3c,accept
c09fcede38e860b0,accept
c67391ff30118f58,accept
d316f29c0aec8322,reject
d8aa59a8ee741b2c,accept
e814addef9b9b223,accept
fe4d74ad974c06a6,accept
