case_id,case_input
m01,What will the snow be like on Friday?
m02,Do you sell helmets?
m03,How much would 3 days of resort skis cost?
m04,Do you have women's boots in size 6?
m05,What's your phone number?
m06,Do you do a discount if I rent for a week?
m07,What size junior skis do you have for a 3-year-old?
m08,How much is a quick wax?
m09,Can someone show me how to use the avalanche beacon before I head out?
m10,I booked online last night. Is my order confirmed?
m11,My friend hurt her knee on your rental skis. The binding didn't release.
m12,How long does pickup take in the morning?
m13,Do you price match other shops in Larchfield?
m14,What comes with the splitboard package?
m15,Which brands of demo skis do you carry?
m16,What time do you open in the morning?
m17,We're a group of 12. Is there a group rate?
m18,What's the deposit to rent demo skis?
m19,I was charged twice on my card for Tuesday's rental.
m20,You told me on the phone my skis would be ready at 8 and they weren't.
m21,What ages is the junior package for?
m22,Can my kid change ski size if the junior ones don't fit?
m23,Can I cancel my rental for next week and get a refund?
m24,Where are your shops?
m25,"Do you rent avalanche gear, and how much is it?"
m26,Do you rent snowshoes?
m27,What's the daily price for the Corvo Freeride 106?
m28,If I drop my board off at 4pm can I have it back for first chair tomorrow?
m29,How much is a recreational ski rental per day?
m30,Can you mount bindings on skis I bought somewhere else?
m31,Can you reserve two junior packages for December 27?
m32,How much for a full tune with a base weld?
m33,If it dumps overnight can I swap my demo skis for something wider?
m34,Can I return my gear after you close tonight?
m35,My boots started pinching on day two of my trip. What can you do?
m36,Is the backcountry safe to ski tomorrow?
m37,Are there any splitboards left for this weekend?
m38,I broke one of your rental skis yesterday. How much will that cost me?
m39,Do you have a Freeride 106 in 180cm available this Saturday?
m40,Do you test bindings properly before I take them out?
